{
  "project_info": {
    "project_number": "588852621498",
    "firebase_url": "https://notlateapp.firebaseio.com",
    "project_id": "notlateapp",
    "storage_bucket": "notlateapp.appspot.com"
  },
  "client": [
    {
      "client_info": {
        "mobilesdk_app_id": "1:588852621498:android:f53f59c0412fe5c0",
        "android_client_info": {
          "package_name": "hu.bme.aut.notlateapp"
        }
      },
      "oauth_client": [
        {
          "client_id": "588852621498-biejittnt39ckr044rdt34ppt7ppmvkj.apps.googleusercontent.com",
          "client_type": 1,
          "android_info": {
            "package_name": "hu.bme.aut.notlateapp",
            "certificate_hash": "65d187664bfb9375f665bba54d2c66843c138fcd"
          }
        },
        {
          "client_id": "588852621498-ioks178d5dv4etn22bqmaf77impmnalt.apps.googleusercontent.com",
          "client_type": 3
        }
      ],
      "api_key": [
        {
          "current_key": "AIzaSyB79X4INCiJxEIGE_kTzRmM1LtFlLgodYE"
        }
      ],
      "services": {
        "analytics_service": {
          "status": 1
        },
        "appinvite_service": {
          "status": 2,
          "other_platform_oauth_client": [
            {
              "client_id": "588852621498-ioks178d5dv4etn22bqmaf77impmnalt.apps.googleusercontent.com",
              "client_type": 3
            }
          ]
        },
        "ads_service": {
          "status": 2
        }
      }
    }
  ],
  "configuration_version": "1"
}